,Total Baris,Missing Values,Duplikasi,Baris Normal (0-100%),Baris Anomali (>100%),Hari Kosong (0%),Hari Terisi (100%)
Min,1097.0,0.0,0.0,1066.0,0.0,329.0,161.0
Max,1097.0,0.0,0.0,1097.0,31.0,923.0,764.0
Rata-rata,1097.0,0.0,0.0,1089.7142857142858,7.285714285714286,484.14285714285717,604.5714285714286
Median,1097.0,0.0,0.0,1094.0,3.0,372.0,724.0
Std Dev,0.0,0.0,0.0,11.309498746839399,11.309498746839397,216.44816821541716,219.4560374675356
Total,7679.0,0.0,0.0,7628.0,51.0,3389.0,4232.0
